{"cameraMode":{"drawMode":0,"name":"Shaded","section":"Shading Mode"},"sceneLighting":true,"audioPlay":false,"sceneViewState":{"m_AlwaysRefresh":false,"showFog":true,"showSkybox":true,"showFlares":true,"showImageEffects":true,"showParticleSystems":true,"showVisualEffectGraphs":true,"m_FxEnabled":true},"in2DMode":false,"pivot":{"x":3.320310592651367,"y":-3.8072032928466799,"z":-10.466731071472168},"rotation":{"x":0.0063812523148953918,"y":-0.9087932109832764,"z":0.4170346260070801,"w":0.013552745804190636},"size":9.682239532470704,"orthographic":false}